<application>
  <component name="ProjectManager">
    <defaultProject>
      <component name="MavenImportPreferences">
        <option name="generalSettings">
          <MavenGeneralSettings>
            <option name="mavenHome" value="C:\Program Files\JetBrains\IntelliJ IDEA Community Edition 2020.2.3\plugins\maven\lib\maven3" />
          </MavenGeneralSettings>
        </option>
      </component>
      <component name="ProjectViewState">
        <option name="showLibraryContents" value="true" />
      </component>
      <component name="PropertiesComponent">
        <property name="settings.editor.selected.configurable" value="MTConfigurable" />
      </component>
    </defaultProject>
  </component>
</application>